Title,Company,Salary,Summary,Location
Software Developer,20 October by Alfred H Knight,Competitive salary,"WHAT IS ON OFFER AHK has an exciting opportunity for a Software Developer to join our IT Team based in Prescot, Liverpool. This role will focus on developing systems that will meet the continuing needs of the Alfred H Knight group of companies. ABOUT US...","Liverpool
                    Merseyside"
Software Developer,15 November by haart,"£40,000 - £45,000 per annum",What’s on offer to you as a n Software Developer First year earnings between 40k to 45k 28 days holiday entitlement Enrolment onto the Spicerhaart Vocational Development Programme Essential Skills of an Software Developer At least 2 years commercial experience...,"Colchester
                    Essex"
Software Developer,31 October by Understanding Recruitment,"£50,000 - £60,000 per annum",Do you want to work with a UK-based and industry-leading odds on worldwide sports events as a .NET Developer? Do you want to work with financial trading platforms and Sports mobile applications? A market-leading sports-based betting organisation are on...,"Hertfordshire
                    Hertfordshire"
Software Developer,8 November by Searchability,"£90,000 per annum",SOFTWARE DEVELOPER - JAVA / SPRING / SPRING BOOT / CLOUD / MICROSERVICES / API / AGILE FANTASTIC NEW OPPORTUNITY FOR AN EXPERIENCED SOFTWARE DEVELOPER - HYBRID WORKING Permanent opportunity for an experienced Software Developer Hybrid remote working model...,"Bristol
                    Avon"
Software Developer,10 November by Premier IT,"£35,000 - £45,000 per annum","Software Developer 45,000 We’re looking for a Software Developer to join a small IT Development team near Doncaster. The role is full time on site, and will be programming on an ERP Manufacturing site. The Software Developer will have access to the following:...","South Yorkshire
                    South Yorkshire"
Software Developer,25 October by LANGHAM RECRUITMENT LIMITED,"£45,000 - £49,000 per annum",Software Developer | Hybrid- Cambridge | Up to 49K DOE additional monthly financial contribution | Brilliant opportunity Would you like to work as a software developer for a leading life science organisation? As a software developer you will be responsible...,"Hinxton
                    Essex"
Software Developer,27 October by Hays Specialist Recruitment Limited,"£35,000 - £45,000 per annum","Software Developer - C# Software Developer required to join a leading supplier of aircraft equipment with a global client list, supplying products for both business and first-class aircraft. This industry leader is offering an opportunity to join their...",Ireland
Software Developer,7 November by Premier IT,"£40,000 - £60,000 per annum","Software Developer 60,000 We’re looking for Software Developers who want to be involved in creating applications used for the wider benefit of public society. The Software Developer will be joining a highly dedicated team who are working across different...","South Yorkshire
                    South Yorkshire"
Software Developer,25 October by  The People Network,"£40,000 - £45,000 per annum",Software Developer – London Are you passionate a passionate Software Developer and looking to work for a multi-national IT services hub to work with one of the UK's most innovative gaming platforms looking to take their team to the next level. The Software...,"Chiswick
                    London"
Software Developer,19 October by Gregory Martin International,"£25,000 - £60,000 per annum","Software Developer - C#, .net Location: Farnham, Surrey / Hybrid role Salary: 25,000 to 60,000 plus company benefits Our client is a successful software house developing mission critical systems for airport operations. They are looking for motivated self-starter...","Tongham
                    Surrey"
Software Developer,3 days ago by VIQU Limited,"£50,000 - £60,000 per annum","Software Developer – Wolverhampton - 50,000 - 60,000 We’re partner with one of the UK’s leading brands who is currently hiring for a C#.Net Software Developer to join a small close knit team of Software Developers. The company offers hybrid working and...","Wolverhampton
                    West Midlands (County)"
Software Developer,9 November by Gregory Martin International,"£35,000 - £60,000 per annum","Software Developer - C#, .net Location: Farnham, Surrey / Hybrid role Salary: 35000 to 60,000 plus company benefits Our client is a successful software house developing mission critical systems for airport operations. They are looking for experienced motivated...","Tongham
                    Surrey"
Software Developer,11 November by In Technology Group Limited,"€45,000 - €60,000 per annum","SEEKING: Software Developer for a leading Finance Management Company in the Netherlands Approach: Hybrid. Salary: 60,000 Euros plus Training, Progression, and Benefits Do you want to join a company that is making waves in the Finance industry? Required...",Netherlands
Software Developer,18 November by BeTechnology Group Limited,"£30,000 - £50,000 per annum","Software Developer - Remote (UK) - GBP 30,000-50,000 DOE My client is a well established and exciting leader in their industry. They are looking for an enthusiastic and skilled Software Developer to join their IT team of 11. As a Software Developer, you...","Nottingham
                    Nottinghamshire"
Software Developer,6 days ago by Hays Specialist Recruitment Limited,"£35,000 - £45,000 per annum",".Net Developer - Hybrid - Portadown - Up to 45k Software Developer - C# Software Developer required to join a leading supplier of aircraft equipment with a global client list, supplying products for both business and first-class aircraft. This industry...",Ireland
Software Developer,26 October by ASC Connections Ltd,"£35,000 - £45,000 per annum","An expert company within the consumer industry are looking for a software developer to join an established team in order to maintain, enhance, and develop software and web applications going forwards. The company offers hybrid working, training and development...","Birmingham
                    West Midlands (County)"
Software Developer,19 October by Gregory Martin International,"£25,000 - £60,000 per annum","Software Developer - C#, .net Location: Farnham, Surrey / Hybrid role Salary: 25,000 to 60,000 plus company benefits Our client is a successful software house developing mission critical systems for airport operations. They are looking for motivated self-starters...","Tongham
                    Surrey"
Software Developer,17 November by Hays Specialist Recruitment Limited,"£30,000 - £40,000 per annum",Software Developer About the company My client have recently won 40m to invest in a new software engineering wing and the creation of over 880 new roles - multiple of these roles are still available at senior levels. You would split your time between their...,Ireland
Software Developer,6 November by Hays Specialist Recruitment Limited,"£30,000 - £60,000 per annum",Software Developer - Hybrid Role - Up to 60K. Belfast. About the company Join one the UK's largest construction supplier and work on a diverse product portfolio across the industry as part of a close-knit agile team of software developers. The software...,Ireland
Software Developer,9 November by Morgan Fraser Group Limited,"£45,000 - £60,000 per annum","Our client, a leading financial technology company is urgently looking for a Software Developer to join the software development team in their new office in London. This role would be suitable for a highly skilled software engineer looking to actively...","London
                    London"
Software Developer,10 November by In Technology Group Limited,"£34,000 - £38,000 per annum","Software Developer Location: Newcastle Salary: 34,000 - 38,000 DOE APPLY ASAP TO AVOID MISSING OUT My client is looking for someone who is more than a coder The successful candidate will be someone who can help lead and inspire Benefits include:  Regular...","Newcastle Upon Tyne
                    Tyne and Wear"
Software Developer,14 November by Spectrum IT Recruitment,"£40,000 - £45,000 per annum","Software Developer 40,000 - 45,000 remote working benefits Fully remote working An exciting new opportunity for a Software Developer to join a market leading organisation in their industry s based in Oxford, who are offering fully remote working. My client...","Oxford
                    Oxfordshire"
Software Developer,4 November by Harnham,"£50,000 per annum","Job Advertisement Software Developer Role Up To 50,000 Hybrid Role The Company A leading insurance provider is on the search for a software developer to join their team. This established company is only getting started on its software plans. If you want...","London
                    London"
Software Developer,28 October by Portico Consulting,"£45,000 - £55,000 per annum","Job Title: Software Developer Location: Guildford, Surrey (Hybrid) Salary: 45,000 - 55,000 per annum Job Type: Full time, Permanent Responsible to: Head of Product Design and Development/Head of Technical Design and Integration Portico Consulting is an...","Guildford
                    Surrey"
Software Developer,3 days ago by Platform Recruitment,"£50,000 - £60,000 per annum",Surrey (2 days from home) - Junior C Applications Developer - 25k-35k This is a great opportunity to join a large audio and electronics manufacturer who are looking to expand their current product lines. They are now looking for an Applications Software...,"Surrey
                    Surrey"
Software Developer,10 November by MONDAY AT NINE LIMITED,"£48,000 - £55,000 per annum",Monday at Nine are pleased to be partnering with an esteemed law firm who deliver cutting edge solutions to their clients. Our client is looking for a software developer to join their team who has a passion to create and deliver the next generation of...,"Leeds
                    West Yorkshire"
Software Developer,10 November by Hawk 3 Talent Solutions,"£33,000 - £48,000 per annum",Software Developer Leeds LS11 33k - 48k Hybrid working option Permanent Role Hawk 3 Talent Solutions are looking for an experienced Software Developer to join a company based in Leeds who offer an excellent work-life balance and working a 30hr week with...,"Leeds
                    West Yorkshire"
